"ROLL","semester-name","course-name","course-ID","credit-hour","course-name","course-ID","credit-hour","course-name","course-ID","credit-hour","course-name","course-ID","credit-hour","course-name","course-ID","credit-hour","course-name","course-ID","credit-hour",,,,,,,
"14","spring2019","data structure and algorithm","215","3","data structure and algorithm lab","216","3","DLD LAB","212","3","DLD theory","212","3","MATHS","143","2.7","ENGLISH","147","2.7",,,,,,,
"57","spring2019","circuit lab","210","3","circuit theory","211","3","cicivil drawing","126","2.9","programming lab","721","3","programming lab2","226","3",,,,,,,,,,
"14","fall2019","engineering drawing","222","1.7","OOP","331","3","OOP theory","331","3","statistics","921","3","data analysis","921","3",,,,,,,,,,
"120","spring2020","bangla","222","3","bangla 2","220","3","bangla 3","220","3","maths","321","3","physics theory","325","3","physics lab","329","3",,,,,,,
"119","fall2020","maths","224","3","physics theory","324","3","physics lab 2","811","3","circuit lab 2","812","3","circuit theory 2","819","3","DLD theory 2","819","3",,,,,,,
"116","spring2019","bajaja","111","3","bajaja2","112","3","maths","112","3","maths2","112","3",,,,,,,,,,,,,
"116","spring2020","object oriented programming","221","3","object oriented programming 2","220","3","dTa structure and algorithm2","267","3","dATa structure and algorithm2","267","3","DLD LAB AND THEORY","260","3",,,,,,,,,,
"201914115","fall2020","bangla","229","2.8","maths2","229","2.8","maths3","229","2.8","progrmaming lab 3","229","2.8","progrmaming theory","224","2.8","data structure and algorithm theory","224","2.8",,,,,,,
