'sdfcc','ccqa','cc','@123','xdf','01944620161'
"weresd","xzx1122","xsc","@13","dsbdhb","01944620161"
"TANHA TASFIA","014","cse","tasfia@mail.com","sdwads12","01944620161"
"mahapara naim","057","cse","naim@gmail.com","aqewed76","01944620161"
"justin bieber","119","cse","gahw@gmail.com","aloo-potol","01944620134"
"selena selena","120","eece","gsdwaahw@gmail.com","aloo-potol-mach","11944620134"
"LADY GAGA","201914111","architecture","qwrt@hotmail.com","jalaljhu2","01944670165"
"AMAIRA SAIRA","2019140115","ME","sder@hotmail.com","uytvbh90","01944620151"
"uyshdbxs","166","civil","@1dsfff","aqx2334","01944620161"
"Afsara","201914017","AE","swet@gmail.com","walterwhite","01944620166"
"jalal","201914013","civil","yatysjh@gmail.com","white","01944620171"
"name","roll","dept","email@","set-password","phone-numbe"
"fafafa","201914020","cse","wert@gmail.com","dala-dala-kala","01944620181"
